{"name":"Entity.java","content":"package ${BASE_PACKAGE}.entities;\n\nimport com.baomidou.mybatisplus.annotations.TableField;\nimport com.baomidou.mybatisplus.annotations.TableName;\nimport com.wl.wlp2ploansystem.publicsubsystem.entities.FullAuditedEntity;\nimport lombok.Data;\nimport lombok.EqualsAndHashCode;\n\nimport javax.validation.constraints.NotBlank;\nimport javax.validation.constraints.NotNull;\nimport javax.validation.constraints.Size;\nimport java.math.BigDecimal;\nimport java.time.LocalDate;\nimport java.time.LocalDateTime;\nimport java.util.List;\n#if($clazz.type \u003d\u003d \u0027tree\u0027) \nimport com.wl.wlp2ploansystem.infrastructures.common.support.ITreeObject;  \n#end\n\n#set($childrenService \u003d [])\n\n#foreach( $field in ${clazz.fields} )\n\t#if(${field.isChildren()} \u0026\u0026 !${childrenService.contains(${field.getTypeOfEntity().name})})\n\t\timport ${BASE_PACKAGE}.entities.${fn.capitalize(${field.getTypeOfEntity().name})};\n\t\t#set($a \u003d $childrenService.add(${field.getTypeOfEntity().name}))\n\t#end\n#end\n\n/**\n * ${clazz.displayName}\n */\n@Data\n@EqualsAndHashCode(callSuper \u003d true)\n@TableName(\"${fn.underscore(${clazz.name})}\")\n    #set($specTypeMapping\u003d{\"Currency\":\"BigDecimal\", \"Percent\":\"BigDecimal\", \"User\":\"String\"})\npublic class ${clazz.name} extends FullAuditedEntity #if($clazz.type \u003d\u003d \u0027tree\u0027) implements ITreeObject  #end{\n#foreach( $field in ${clazz.fields} )\n #if(${field.name} \u003d\u003d\"id\"  \n     || ${field.name} \u003d\u003d\"gmtCreatedOn\" \n     || ${field.name} \u003d\u003d\"gmtCreatedBy\" \n     || ${field.name} \u003d\u003d\"gmtUpdatedBy\" \n     || ${field.name} \u003d\u003d\"gmtUpdatedOn\"\n     || ${field.name} \u003d\u003d\"gmtVersion\"\n     ) \n #else\n/**\n * ${field.displayName}\n */\n    #if(${field.required} \u0026\u0026 ${field.type} \u003d\u003d\"String\")\n    @NotBlank\n    #elseif(${field.required})\n    @NotNull\n    #end\n    #if(${field.type} \u003d\u003d\"String\" \u0026\u0026 ${field.maxLength}\u003e0)\n    @Size(max \u003d ${field.maxLength})\n    #end\n    #if(${field.isChildren()})\n    @TableField(exist \u003d false)\n    private ${field.type.replace(\"Children\u003c\",\"List\u003c\")} ${field.name};\n    /**\n     * ${field.displayName}被删除id列表\n     * */\n    @TableField(exist \u003d false)\n    private List\u003cString\u003e deleted${fn.capitalize(${field.name})}Ids;\n    #elseif($specTypeMapping.containsKey(${field.type}))\n    private $specTypeMapping.get(${field.type}) ${field.name};\n    #else\n    private ${field.type} ${field.name};\n    #end\n  #end\n#end\n#if($clazz.type \u003d\u003d \u0027tree\u0027) \n\t@Override\n\tpublic String getNodeType() {\n\t\treturn \"${clazz.name}\";\n\t}\n#end\t\n}\n","tag":"global","savePath":"Server/${clazz.subsystem}/src/main/java"}