{"name":"Form.vue","content":"#set ( $u \u003d \"$\" ) \n#set ( $formcolumnnums \u003d ${clazz.uiFormColumnNums} ) \n#set ( $formcolspan \u003d 24/$formcolumnnums )\n\u003ctemplate\u003e\n#if(${clazz.uiType} \u003d\u003d \u0027dialog\u0027) \u003cel-dialog :title\u003d\"title\" :close-on-click-modal\u003d\"false\" :visible.sync\u003d\"visible\"\u003e #end\n\u003cdiv\u003e\n\u003cel-form :model\u003d\"model\" ref\u003d\"ruleForm\" @keyup.enter.native\u003d\"doSave()\" label-width\u003d\"140px\"\u003e\n#set($loopIndex\u003d0)\n#set($endrow\u003d0)\n#foreach( $field in ${clazz.fields} )\n#if(${field.name} \u003d\u003d\"id\"  \n\t || ${field.name} \u003d\u003d\"parentId\"\n     || ${field.name} \u003d\u003d\"gmtCreatedOn\" \n     || ${field.name} \u003d\u003d\"gmtCreatedBy\" \n     || ${field.name} \u003d\u003d\"gmtUpdatedBy\" \n     || ${field.name} \u003d\u003d\"gmtUpdatedOn\"\n     || ${field.name} \u003d\u003d\"gmtVersion\"\n     || ${field.isChildren()}\n     ) \n #else\n    #set($dataDictionaryMetaValue \u003d  ${field.getDataDictionaryValue()})\n    #if($loopIndex %$formcolumnnums \u003d\u003d 0 )\n         \u003cel-row :gutter\u003d\"20\"\u003e \n         #set($endrow\u003d0)\n    #end \n    \u003cel-col :span\u003d\"${formcolspan}\"\u003e\n    \u003cel-form-item label\u003d\"${field.displayName}\" prop\u003d\"${fn.decapitalize(${field.name})}\" verify  #if(${field.required}) class\u003d\"is-required\" #else can-be-empty #end #if(${field.maxLength} \u003e0) :maxLength\u003d\"${field.maxLength}\"  #elseif( ${field.metaContains(\u0027DataDictionary\u0027)} || ${field.type} \u003d\u003d\"String\") :maxLength\u003d\"50\"  #else #end \u003e\n\t#if(${field.type} \u003d\u003d\"LocalDateTime\" || ${field.type} \u003d\u003d\"LocalDate\")\n        \u003ct-datetime-picker v-model\u003d\"model.${fn.decapitalize(${field.name})}\" type\u003d\"date\"\u003e\u003c/t-datetime-picker\u003e \n    #elseif(${field.type} \u003d\u003d\"Currency\")\n        \u003ct-currentcy-input v-model\u003d\"model.${fn.decapitalize(${field.name})}\"\u003e\u003c/t-currentcy-input\u003e\n    #elseif(${field.type} \u003d\u003d\"Percent\")\n        \u003ct-percent-input v-model\u003d\"model.${fn.decapitalize(${field.name})}\"\u003e\u003c/t-percent-input\u003e\n    #elseif(${field.type} \u003d\u003d\"BigDecimal\")\n        \u003ct-number-input v-model\u003d\"model.${fn.decapitalize(${field.name})}\"\u003e\u003c/t-number-input\u003e\n\t#elseif(${field.type} \u003d\u003d\"Boolean\")\n        \u003cel-switch v-model\u003d\"model.${fn.decapitalize(${field.name})}\"\u003e\u003c/el-switch\u003e\n     #elseif(${field.type} \u003d\u003d\"Integer\")\n        \u003ct-int-input v-model\u003d\"model.${fn.decapitalize(${field.name})}\"\u003e\u003c/t-int-input\u003e\n\t#elseif($dataDictionaryMetaValue !\u003d\"\")\n        \u003ct-dic-select dicType\u003d\"${fn.lower(${dataDictionaryMetaValue})}\" v-model\u003d\"model.${fn.decapitalize(${field.name})}\"\u003e\u003c/t-dic-select\u003e\n    #else\n        \u003cel-input v-model\u003d\"model.${fn.decapitalize(${field.name})}\" \u003e\u003c/el-input\u003e\n    #end\n    \u003c/el-form-item\u003e\n    \u003c/el-col\u003e\n    #if( ($loopIndex+1) %$formcolumnnums \u003d\u003d 0  || !$foreach.hasNext)\n         \u003c/el-row\u003e \n         #set($endrow\u003d1)\n    #end\n    #set($loopIndex\u003d$loopIndex+1)\n  #end      \n#end\n#if($endrow \u003d\u003d 0)\n    \u003c/el-row\u003e \n#end\n\n#foreach( $field in ${clazz.fields} )\n    #if(${field.isChildren()})\n      #set($childrenEntityFields \u003d  ${field.getTypeOfEntity().fields})\n\n  \u003cel-row :gutter\u003d\"20\"\u003e\n    \u003cel-col\u003e\n      \u003ch4\u003e${field.getTypeOfEntity().displayName}\u003c/h4\u003e\n      \u003chr class\u003d\"el-row-hr\" /\u003e\n    \u003c/el-col\u003e\n  \u003c/el-row\u003e\n        \u003cel-row :gutter\u003d\"20\"\u003e\n    \u003cel-col\u003e\n      \u003ct-edit-grid ref\u003d\"${fn.decapitalize(${field.name})}Grid\" :options\u003d\"${fn.decapitalize(${field.name})}GridOptions\" \u003e\n        \u003ctemplate slot\u003d\"columnDataHeader\"\u003e\n        \u003cel-table-column width\u003d\"50\"\u003e\n          \u003ctemplate slot-scope\u003d\"scope\"\u003e\n               \u003cel-tooltip class\u003d\"item\" effect\u003d\"dark\" :content\u003d\"scope.row.errorMessage\" placement\u003d\"top-start\" v-if\u003d\"scope.row.hasError\"\u003e\n                 \u003cel-button type\u003d\"danger\" icon\u003d\"el-icon-error\" circle size\u003d\"mini\" style\u003d\"padding:4px\"\u003e\u003c/el-button\u003e\n               \u003c/el-tooltip\u003e\n             \u003c/template\u003e\n        \u003c/el-table-column\u003e\n        #foreach( $childfield in ${childrenEntityFields} )\n\t\t#if(${childfield.name} \u003d\u003d\"id\"  \n\t\t\t || ${childfield.name} \u003d\u003d\"gmtCreatedOn\" \n\t\t\t || ${childfield.name} \u003d\u003d\"gmtCreatedBy\" \n\t\t\t || ${childfield.name} \u003d\u003d\"gmtUpdatedBy\" \n\t\t\t || ${childfield.name} \u003d\u003d\"gmtUpdatedOn\"\n\t\t\t || ${childfield.name} \u003d\u003d\"gmtVersion\"\n\t\t\t || ${childfield.isChildren()}\n\t\t\t ) \n\t\t #else\n        #set($childdataDictionaryMetaValue \u003d  ${childfield.getDataDictionaryValue()})\n        \u003cel-table-column label\u003d\"${childfield.displayName}\" width\u003d\"180\" #if(${childfield.required}) class-name\u003d\"is-required\" #else  #end\u003e\n          \u003ctemplate slot-scope\u003d\"scope\"\u003e\n            #if(${childfield.type} \u003d\u003d\"LocalDateTime\" || ${childfield.type} \u003d\u003d\"LocalDate\")\n                \u003ct-datetime-picker v-model\u003d\"scope.row.${fn.decapitalize(${childfield.name})}\" type\u003d\"date\"\u003e\u003c/t-datetime-picker\u003e\n            #elseif(${field.type} \u003d\u003d\"Currency\")\n                \u003ct-currentcy-input v-model\u003d\"scope.row.${fn.decapitalize(${childfield.name})}\"\u003e\u003c/t-currentcy-input\u003e\n            #elseif(${childfield.type} \u003d\u003d\"Percent\")\n                \u003ct-percent-input v-model\u003d\"scope.row.${fn.decapitalize(${childfield.name})}\"\u003e\u003c/t-percent-input\u003e\n            #elseif(${childfield.type} \u003d\u003d\"BigDecimal\")\n                \u003ct-number-input v-model\u003d\"scope.row.${fn.decapitalize(${childfield.name})}\"\u003e\u003c/t-number-input\u003e\n\t\t\t#elseif(${childfield.type} \u003d\u003d\"Boolean\")\n\t\t\t\t\u003cel-switch v-model\u003d\"scope.row.${fn.decapitalize(${childfield.name})}\"\u003e\u003c/el-switch\u003e\n            #elseif(${childdataDictionaryMetaValue} !\u003d\"\")\n                \u003ct-dic-select dicType\u003d\"${fn.lower(${childdataDictionaryMetaValue})}\" v-model\u003d\"scope.row.${fn.decapitalize(${childfield.name})}\"\u003e\u003c/t-dic-select\u003e\n            #else\n                \u003cel-input v-model\u003d\"scope.row.${fn.decapitalize(${childfield.name})}\" \u003e\u003c/el-input\u003e\n            #end\n\n                      \u003c/template\u003e\n        \u003c/el-table-column\u003e\n        #end\n\t #end\n        \u003c/template\u003e\n        \u003c/t-edit-grid\u003e\n        \u003c/el-col\u003e\n        \u003c/el-row\u003e\n    #end\n#end\n\n#if(${clazz.uiType} \u003d\u003d \u0027dialog\u0027)\n  \u003c/el-form\u003e\n \u003c/div\u003e\n  \u003cspan slot\u003d\"footer\" class\u003d\"dialog-footer\"\u003e\n    \u003cel-button type\u003d\"primary\" @click\u003d\"doSave()\"\u003e确定\u003c/el-button\u003e\n\t\u003cel-button :disabled\u003d\"formAction \u003d\u003d 0\" type\u003d\"danger\" @click\u003d\"doDelete()\"\u003e删除\u003c/el-button\u003e\n    \u003cel-button @click\u003d\"doClose()\"\u003e取消\u003c/el-button\u003e\n  \u003c/span\u003e \n\u003c/el-dialog\u003e \n#else\n  \u003cel-row :gutter\u003d\"20\" style\u003d\"margin-top:25px\"\u003e\n      \u003cel-col :span\u003d\"24\"\u003e\n        \u003cdiv style\u003d\"float:right\"\u003e\n          \u003cel-button @click\u003d\"doSave()\"\u003e保存\u003c/el-button\u003e\n          \u003cel-button :disabled\u003d\"formAction \u003d\u003d 0\" type\u003d\"danger\" @click\u003d\"doDelete()\"\u003e删除\u003c/el-button\u003e\n        \u003c/div\u003e\n      \u003c/el-col\u003e\n    \u003c/el-row\u003e\n\u003c/el-form\u003e\n\u003c/div\u003e\n#end\n\u003c/template\u003e\n\u003cscript\u003e\nimport {\n  mapMutations,\n  mapState,\n} from \u0027vuex\u0027\nexport default {\n  data() {\n    return {\n\t  #if(${clazz.uiType} \u003d\u003d \u0027dialog\u0027) \n\t  visible: false, \n\t  #end\n      docId: null,\n\t  #if(${clazz.type} \u003d\u003d \u0027tree\u0027)\n\t  parentId: null,\n\t  parentTitle: null,\n\t  #end\n      model: {\n\t   #foreach( $field in ${clazz.fields} )\n       #if(${field.type} \u003d\u003d\"Boolean\")\n\t\t${field.name}:false,\n\t   #end\n\t   #end\n\t  },\n      #foreach( $field in ${clazz.fields} )\n      #if(${field.isChildren()})\n        #set($childrenEntityFields \u003d  ${field.getTypeOfEntity().fields})\n        ${fn.decapitalize(${field.name})}GridOptions: {\n        dataSource: [],\n        grid: {\n          defaultSort: {\n            prop: \u0027id\u0027,\n            order: \u0027ascending\u0027\n          },\n        },\n\t\trowDefaultValue: { //行默然值对象\n          #foreach( $childfield in ${childrenEntityFields} )\n\t\t  #if(${childfield.type} \u003d\u003d\"Boolean\") \n\t\t  ${childfield.name}:true, //${childfield.displayName} \n\t\t  #end\n\t\t  #end \n        },\n        rowRule: { //行验证规则,规则参考：async-validator\n\t\t#foreach( $childfield in ${childrenEntityFields} )\n\t\t  #if(${childfield.name} \u003d\u003d\"id\"  \n\t\t\t || ${childfield.name} \u003d\u003d\"gmtCreatedOn\" \n\t\t\t || ${childfield.name} \u003d\u003d\"gmtCreatedBy\" \n\t\t\t || ${childfield.name} \u003d\u003d\"gmtUpdatedBy\" \n\t\t\t || ${childfield.name} \u003d\u003d\"gmtUpdatedOn\"\n\t\t\t || ${childfield.name} \u003d\u003d\"gmtVersion\"\n\t\t\t || ${childfield.isChildren()}\n\t\t\t ) \n\t\t #else\n          ${childfield.name}: [\n            #if(${childfield.required})\n            {\n\t\t\trequired: true,\n            message: \u0027请输入${childfield.displayName}\u0027,\n\t\t\t}, \n            #end\n            #if(${childfield.maxLength} \u003e0)\n\t\t\t{\n              max: ${childfield.maxLength},\n\t\t\t  message: \u0027${childfield.displayName}超过最大长度:${childfield.maxLength}\u0027,\n\t\t\t},\n            #elseif(${childfield.metaContains(\u0027DataDictionary\u0027)} || ${childfield.type} \u003d\u003d\"String\")    \n\t\t\t{\n              max: 50,\n\t\t\t  message: \u0027${childfield.displayName}超过最大长度:50\u0027,\n\t\t\t},\n            #end\n          ],\n\t\t  #end\n\t\t  #end \n        },\n      },\n    #end\n#end\n      formAction: 0, // 0：add,1:edit\n    }\n  },\n  components: {},\n  created() {\n    #if(${clazz.uiType} !\u003d \u0027dialog\u0027)\n    this.docId \u003d this.${u}route.query.id; \n    #if(${clazz.type} \u003d\u003d \u0027tree\u0027)\n\tthis.parentId \u003d this.$route.query.pid;\n\tthis.parentTitle \u003d this.$route.query.pti;\n\t#end\n\tthis.${u}util.ui.title(this.title);\n\tthis.load(); \n\t#end\n  },\n  activated() {},\n  computed: {\n    ...mapState({\n      //currentUser: state \u003d\u003e state.app.user,\n    }),\n    title: function() { \n\t  #if(${clazz.type} \u003d\u003d \u0027tree\u0027)\n\t   if(this.docId){\n\t\t\treturn \u0027修改${clazz.displayName}\u0027;\n\t   }else{  \n\t\t  return this.parentId \u003d\u003d null ? \u0027新增根结点-${clazz.displayName}\u0027 : \u0027新增子结点-${clazz.displayName}-\u0027 + this.parentTitle; \n\t   }\n\t #else\n\t  return this.formAction \u003d\u003d 0 ? \u0027新增${clazz.displayName}\u0027 : \u0027修改${clazz.displayName}\u0027;\n\t #end\n    }\n  },\n  methods: {\n     load() {\n\t\tlet self \u003d this;\n\t\tif (self.docId) {\n\t\t  tapp.services.${fn.decapitalize(${clazz.name})}.get(self.docId).then(function(result) {\n\t\t\tself.model \u003d result;\n\t\t\t #foreach( $field in ${clazz.fields} )\n\t\t\t #if(${field.isChildren()})\n\t\t\t   self.${field.name}GridOptions.dataSource \u003d result.${field.name};\n\t\t\t  #end\n\t\t\t#end\n\t\t\tself.formAction \u003d 1;\n\t\t  });\n\t\t} else {\n\t\t  self.model.id \u003d null;\n\t\t  #if(${clazz.type} \u003d\u003d \u0027tree\u0027)\n\t\t  self.model.parentId \u003d self.parentId;\n\t\t  #end \n\t\t  self.formAction \u003d 0;\n\t\t}  \n    },\n\t#if(${clazz.uiType} \u003d\u003d \u0027dialog\u0027)\n\t init(#if(${clazz.type} \u003d\u003d \u0027tree\u0027)parentId,parentTitle,#end id) {\n      this.visible \u003d true;  \n\t  #if(${clazz.type} \u003d\u003d \u0027tree\u0027)\n\t  this.parentId \u003d parentId;\n      this.parentTitle \u003d parentTitle;\n      #end\n\t  this.docId \u003d id;\n\t  this.$nextTick(() \u003d\u003e {\n        this.$refs.ruleForm.resetFields();\n      }) \n\t  this.load();\n    },\n\t#end\n    doSave(formName) {\n      let self \u003d this;\n      let validPromises \u003d [self.$refs[\u0027ruleForm\u0027].validate()];\n      #foreach( $field in ${clazz.fields} )\n        #if(${field.isChildren()})\n        validPromises.push(Promise.resolve(self.$refs.${field.name}Grid.validate()));\n        #end\n      #end\n     Promise.all(validPromises)\n        .then(resultList \u003d\u003e {\n\t\t\n\t\tif (!resultList.every(p \u003d\u003e p)) { //验证失败\n            self.$notify.error({\n              title: \u0027错误\u0027,\n              message: \u0027系统输入验证失败！\u0027\n            });\n            return;\n          }\n\t\t  \n         let requestModel \u003d {...self.model};\n        #foreach( $field in ${clazz.fields} )\n    #if(${field.isChildren()})\n           let ${field.name}Data \u003d self.$refs.${field.name}Grid.getData();\n           requestModel.${field.name} \u003d ${field.name}Data.list;\n           requestModel.deleted${fn.capitalize(${field.name})}Ids \u003d ${field.name}Data.deletedIdList;\n              #end\n#end\n          tapp.services.${fn.decapitalize(${clazz.name})}.save(requestModel).then(function(result) {\n             self.model \u003d result;\n             #foreach( $field in ${clazz.fields} )\n    #if(${field.isChildren()})\n                   self.${field.name}GridOptions.dataSource \u003d result.${field.name};\n                #end\n#end\n            self.formAction \u003d 1;\n            self.${u}notify.success({\n              title: \u0027操作成功！\u0027,\n              message: \u0027保存${clazz.displayName}成功！\u0027,\n            });\n          });\n        });\n    },\n    doDelete() {\n      let self \u003d this;\n      self.$confirm(\u0027此操作将永久删除${clazz.displayName}, 是否继续?\u0027, \u0027提示\u0027, {\n        confirmButtonText: \u0027确定\u0027,\n        cancelButtonText: \u0027取消\u0027,\n        type: \u0027warning\u0027\n      }).then(() \u003d\u003e {\n        tapp.services.${fn.decapitalize(${clazz.name})}.delete(self.docId).then(function(result) {\n          self.formAction \u003d 1;\n\t\t  #if(${clazz.uiType} \u003d\u003d \u0027dialog\u0027)\n\t\t\tself.doClose(); \n\t\t  #else\n          self.${u}util.closeCurrentTabNav(\u0027${fn.lower(${clazz.name})}list\u0027);\n\t\t  #end\n          self.${u}notify.success({\n            title: \u0027系统删除成功\u0027,\n            message: \u0027${clazz.displayName}已删除成功！\u0027\n          });\n\n        })\n      });\n    },\n\tdoClose(){\n\t\tthis.visible \u003d false;\n        this.$emit(\u0027change\u0027);\n\t},\n  }\n}\n\u003c/script\u003e","tag":"global","savePath":"Client/src/views/${clazz.subsystem}"}