{"name":"Tree.vue","content":"#set($men_folder\u003d\"/${CLIENT_ROUTER_PATH}\")\n#set ( $u \u003d \"$\" )\n#set ( $util \u003d \"this.$util\" )\n\u003ctemplate\u003e\n\u003cdiv class\u003d\"mod-role\"\u003e\n\t\u003cel-card class\u003d\"box-card\"\u003e\n\t\u003cdiv slot\u003d\"header\" class\u003d\"clearfix\"\u003e\n\t  \u003cspan\u003e${clazz.displayName}\u003c/span\u003e\n\t  \u003cdiv style\u003d\"float: right; padding: 3px 0\"\u003e\n\t    \u003cel-button icon\u003d\"el-icon-plus\" type\u003d\"primary\" @click\u003d\"doNewRoot()\"\u003e添加根节点\u003c/el-button\u003e\n\t\t\u003cel-button icon\u003d\"el-icon-delete\" type\u003d\"danger\" @click\u003d\"doBatchDelete()\"\u003e批量删除\u003c/el-button\u003e\n\t  \u003c/div\u003e\n\t\u003c/div\u003e\n\t\u003cdiv class\u003d\"text item\"\u003e\n\t  \u003ct-tree ref\u003d\"tree\" :options\u003d\"treeOptons\"  @node-drop\u003d\"handleDrop\"\u003e\n\t  \u003c/t-tree\u003e\n\t\u003c/div\u003e\n  \u003c/el-card\u003e \n  #if(${clazz.uiType} \u003d\u003d \u0027dialog\u0027)\n  \u003cedit-form v-if\u003d\"editFormVisible\" ref\u003d\"editForm\" @change\u003d\"doRefresh\"\u003e\u003c/edit-form\u003e\n  #end\n\u003c/div\u003e\n\u003c/template\u003e\n\u003cscript\u003e\n#if(${clazz.uiType} \u003d\u003d \u0027dialog\u0027)\nimport EditForm from \u0027./${clazz.name}Form\u0027\n#end\nexport default {\n  data() {\n    return {\n\t  #if(${clazz.uiType} \u003d\u003d \u0027dialog\u0027)\n\t   editFormVisible: false,\n\t  #end  \n      treeOptons: {\n        dataSource: {\n          serviceInstance: tapp.services.${fn.decapitalize(${clazz.name})}.getTreeList,\n          serviceInstanceInputParameters: {}\n        },\n        tree: {\n          checkStrictly: false,\n          showCheckbox: true,\n\t\t  draggable: true,\n          defaultCheckedKeys: [],\n          renderContent: this.renderTreeNodeContent,\n        }\n      },\n\t  \n\t }\n  },\n  components: {\n\t#if(${clazz.uiType} \u003d\u003d \u0027dialog\u0027)\n\tEditForm,\n\t#end\n  },\n  created() {\n\n  },\n  computed: {\n  },\n  methods: {\n\trenderTreeNodeContent(h, { node, data, store }) {\n\t\treturn (\n\t\t  \u003cspan class\u003d\"custom-tree-node\"\u003e\n\t\t\t\u003cspan\u003e{node.label}\u003c/span\u003e\n\t\t\t\u003cspan\u003e\n\t\t\t  \u003cel-button size\u003d\"mini\" type\u003d\"text\" on-click\u003d{ () \u003d\u003e this.doEdit(node, data) }\u003e编辑\u003c/el-button\u003e\n\t\t\t  \u003cel-button size\u003d\"mini\" type\u003d\"text\" on-click\u003d{ () \u003d\u003e this.doNewChild(data) }\u003e增加子项\u003c/el-button\u003e\n\t\t\t\u003c/span\u003e\n\t\t  \u003c/span\u003e);\n\t},\n    doEdit(node, data) {\n\t #if(${clazz.uiType} !\u003d \u0027dialog\u0027)\n\t\tlet path \u003d \u0027${men_folder}${clazz.name}Form?id\u003d\u0027 + data.id,\n\t\tthis.${u}router.push({\n\t\t\tpath: path,\n\t\t});\n\t  #else\n        this.editFormVisible \u003d true\n\t\tthis.${u}nextTick(() \u003d\u003e {\n\t\t  this.${u}refs.editForm.init(null,null,data.id);\n\t\t})\n\t  #end\n    },\n\tdoNewRoot() {\n\t  #if(${clazz.uiType} \u003d\u003d \u0027dialog\u0027)\n\t\tthis.editFormVisible \u003d true\n\t\tthis.${u}nextTick(() \u003d\u003e {\n\t\t  this.${u}refs.editForm.init(null,null,null);\n\t\t})\n\t  #else\n      this.${u}router.push({\n        path: \u0027${men_folder}${clazz.name}Form?pid\u003d\u0026pti\u003d\u0027,\n      });\n\t  #end\n    },\n\tdoNewChild(data) {\n\t   #if(${clazz.uiType} \u003d\u003d \u0027dialog\u0027)\n\t\tthis.editFormVisible \u003d true\n\t\tthis.${u}nextTick(() \u003d\u003e {\n\t\t  this.${u}refs.editForm.init(data.id,data.name,null);\n\t\t})\n\t  #else\n      this.${u}router.push({\n        path: \u0027${men_folder}${clazz.name}Form?pid\u003d\u0027+ data.id +\u0027\u0026pti\u0027+data.name,\n      });\n\t   #end\n    },\n\thandleDrop(draggingNode, dropNode, dropType, ev) {\n\t\tlet self \u003d this;\n\t\t tapp.services.${fn.decapitalize(${clazz.name})}.updateParentIdAndSortIndex({\n\t\t\t \u0027id\u0027:draggingNode.data.id,\n\t\t\t \u0027newParentId\u0027:dropType \u003d\u003d \u0027inner\u0027?dropNode.data.id:dropNode.data.parentId,\n\t\t\t \u0027newSortIndex\u0027:dropType \u003d\u003d \u0027inner\u0027?0:(dropNode.data.self.sortIndex||0) +(dropType\u003d\u003d\u0027after\u0027?1:-1),\n\t\t }).then(function(result) {\n\t\t\t self.${u}notify.success({\n\t\t\t\t title: \u0027${clazz.displayName}变更父节点或顺序成功\u0027,\n\t\t\t\t message: \u0027系统提示\u0027\n\t\t\t });\n\n\t\t })\n\t },\n    doBatchDelete() {\n      let self \u003d this; \n      let ids \u003d self.$refs.tree.getCheckedKeys();\n\t   if (!ids || ids.length \u003d\u003d 0) {\n\t\tself.$notify.info({\n\t\t  title: \u0027系统提示\u0027,\n\t\t  message: \u0027您没选择任何行，无法操作！\u0027\n\t\t});\n\t\treturn;\n\t  }\n      self.$confirm(\u0027此操作将永久删除\u0027 + ids.length + \u0027个${clazz.displayName}, 是否继续?\u0027, \u0027提示\u0027, {\n        confirmButtonText: \u0027确定\u0027,\n        cancelButtonText: \u0027取消\u0027,\n        type: \u0027warning\u0027\n      }).then(() \u003d\u003e {\n        tapp.services.${fn.decapitalize(${clazz.name})}.batchDelete(ids).then(function(result) {\n          self.${u}notify.success({\n            title: \u0027系统删除成功\u0027,\n            message: \u0027${clazz.displayName}已删除成功！\u0027\n          });\n          self.doRefresh();\n        })\n      });\n    },\n    doRefresh() {\n      this.${u}refs.tree.refresh();\n    }\n  }\n}\n\u003c/script\u003e\n","tag":"tree","savePath":"Client/src/views/${clazz.subsystem}"}